Handle,Title,Body (HTML),Vendor,Type,Tags,Published,Option1 Name,Option1 Value,Variant SKU,Variant Inventory Tracker,Variant Inventory Qty,Variant Inventory Policy,Variant Fulfillment Service,Variant Price,Variant Compare At Price,Variant Requires Shipping,Variant Taxable,Image Src,Image Alt Text,Gift Card,SEO Title,SEO Description,Status
iphone-15-pro-max-256gb,iPhone 15 Pro Max 256GB,"<p>The most advanced iPhone with a titanium design, A17 Pro chip and a 5x telephoto camera.</p><table><tbody><tr><th>Display</th><td>6.7"" Super Retina XDR OLED</td></tr><tr><th>Chip</th><td>A17 Pro</td></tr><tr><th>Storage</th><td>256GB</td></tr><tr><th>Camera</th><td>48MP main + 12MP ultra-wide + 12MP 5x tele</td></tr><tr><th>Battery</th><td>Up to 29h video</td></tr><tr><th>Build</th><td>Titanium, USB-C</td></tr></tbody></table><h3>Pricing</h3><ul><li><strong>Retail price:</strong> &pound;1,149.00 inc. VAT</li><li><strong>Wholesale / trade price:</strong> &pound;1,019.00 (minimum order quantities apply)</li></ul><p><em>Dispatched in 1 working day. Choose 48-hour express or 3&ndash;5 working day delivery at checkout. Trade customers: <a href=""/pages/contact"">contact us</a> for tiered pricing and a live stock list.</em></p>",Apple,Smartphone,"Apple Phones, Apple, Smartphone",TRUE,Title,Default Title,SHK-AP-001,shopify,25,deny,manual,1149.00,1199.00,TRUE,TRUE,https://placehold.co/800x800/f1f5f9/0f172a/png?text=iPhone+15+Pro+Max+256GB,iPhone 15 Pro Max 256GB,FALSE,iPhone 15 Pro Max 256GB | Shak Distributors,"The most advanced iPhone with a titanium design, A17 Pro chip and a 5x telephoto camera.",active
iphone-15-128gb,iPhone 15 128GB,"<p>iPhone 15 with Dynamic Island, a 48MP main camera and USB-C.</p><table><tbody><tr><th>Display</th><td>6.1"" Super Retina XDR OLED</td></tr><tr><th>Chip</th><td>A16 Bionic</td></tr><tr><th>Storage</th><td>128GB</td></tr><tr><th>Camera</th><td>48MP main + 12MP ultra-wide</td></tr><tr><th>Battery</th><td>Up to 20h video</td></tr><tr><th>Build</th><td>Aluminium, USB-C</td></tr></tbody></table><h3>Pricing</h3><ul><li><strong>Retail price:</strong> &pound;799.00 inc. VAT</li><li><strong>Wholesale / trade price:</strong> &pound;709.00 (minimum order quantities apply)</li></ul><p><em>Dispatched in 1 working day. Choose 48-hour express or 3&ndash;5 working day delivery at checkout. Trade customers: <a href=""/pages/contact"">contact us</a> for tiered pricing and a live stock list.</em></p>",Apple,Smartphone,"Apple Phones, Apple, Smartphone",TRUE,Title,Default Title,SHK-AP-002,shopify,25,deny,manual,799.00,849.00,TRUE,TRUE,https://placehold.co/800x800/f1f5f9/0f172a/png?text=iPhone+15+128GB,iPhone 15 128GB,FALSE,iPhone 15 128GB | Shak Distributors,"iPhone 15 with Dynamic Island, a 48MP main camera and USB-C.",active
iphone-14-128gb,iPhone 14 128GB,"<p>Dependable everyday iPhone with great cameras and all-day battery.</p><table><tbody><tr><th>Display</th><td>6.1"" Super Retina XDR OLED</td></tr><tr><th>Chip</th><td>A15 Bionic</td></tr><tr><th>Storage</th><td>128GB</td></tr><tr><th>Camera</th><td>12MP dual</td></tr><tr><th>Battery</th><td>Up to 20h video</td></tr><tr><th>Build</th><td>Aluminium, Lightning</td></tr></tbody></table><h3>Pricing</h3><ul><li><strong>Retail price:</strong> &pound;649.00 inc. VAT</li><li><strong>Wholesale / trade price:</strong> &pound;575.00 (minimum order quantities apply)</li></ul><p><em>Dispatched in 1 working day. Choose 48-hour express or 3&ndash;5 working day delivery at checkout. Trade customers: <a href=""/pages/contact"">contact us</a> for tiered pricing and a live stock list.</em></p>",Apple,Smartphone,"Apple Phones, Apple, Smartphone",TRUE,Title,Default Title,SHK-AP-003,shopify,25,deny,manual,649.00,699.00,TRUE,TRUE,https://placehold.co/800x800/f1f5f9/0f172a/png?text=iPhone+14+128GB,iPhone 14 128GB,FALSE,iPhone 14 128GB | Shak Distributors,Dependable everyday iPhone with great cameras and all-day battery.,active
iphone-13-128gb,iPhone 13 128GB,"<p>Excellent value flagship-class iPhone, ideal for trade volume.</p><table><tbody><tr><th>Display</th><td>6.1"" Super Retina XDR OLED</td></tr><tr><th>Chip</th><td>A15 Bionic</td></tr><tr><th>Storage</th><td>128GB</td></tr><tr><th>Camera</th><td>12MP dual</td></tr><tr><th>Battery</th><td>Up to 19h video</td></tr><tr><th>Build</th><td>Aluminium, Lightning</td></tr></tbody></table><h3>Pricing</h3><ul><li><strong>Retail price:</strong> &pound;529.00 inc. VAT</li><li><strong>Wholesale / trade price:</strong> &pound;469.00 (minimum order quantities apply)</li></ul><p><em>Dispatched in 1 working day. Choose 48-hour express or 3&ndash;5 working day delivery at checkout. Trade customers: <a href=""/pages/contact"">contact us</a> for tiered pricing and a live stock list.</em></p>",Apple,Smartphone,"Apple Phones, Apple, Smartphone",TRUE,Title,Default Title,SHK-AP-004,shopify,25,deny,manual,529.00,579.00,TRUE,TRUE,https://placehold.co/800x800/f1f5f9/0f172a/png?text=iPhone+13+128GB,iPhone 13 128GB,FALSE,iPhone 13 128GB | Shak Distributors,"Excellent value flagship-class iPhone, ideal for trade volume.",active
galaxy-s24-ultra-256gb,Galaxy S24 Ultra 256GB,"<p>Galaxy AI flagship with a built-in S Pen, titanium frame and 200MP camera.</p><table><tbody><tr><th>Display</th><td>6.8"" QHD+ Dynamic AMOLED 2X 120Hz</td></tr><tr><th>Chip</th><td>Snapdragon 8 Gen 3</td></tr><tr><th>Storage</th><td>256GB</td></tr><tr><th>Camera</th><td>200MP + 50MP + 12MP + 10MP</td></tr><tr><th>Battery</th><td>5000mAh</td></tr><tr><th>Extras</th><td>S Pen, Galaxy AI</td></tr></tbody></table><h3>Pricing</h3><ul><li><strong>Retail price:</strong> &pound;1,099.00 inc. VAT</li><li><strong>Wholesale / trade price:</strong> &pound;975.00 (minimum order quantities apply)</li></ul><p><em>Dispatched in 1 working day. Choose 48-hour express or 3&ndash;5 working day delivery at checkout. Trade customers: <a href=""/pages/contact"">contact us</a> for tiered pricing and a live stock list.</em></p>",Samsung,Smartphone,"Samsung, Samsung, Smartphone",TRUE,Title,Default Title,SHK-S-005,shopify,25,deny,manual,1099.00,1249.00,TRUE,TRUE,https://placehold.co/800x800/f1f5f9/0f172a/png?text=Galaxy+S24+Ultra+256GB,Galaxy S24 Ultra 256GB,FALSE,Galaxy S24 Ultra 256GB | Shak Distributors,"Galaxy AI flagship with a built-in S Pen, titanium frame and 200MP camera.",active
galaxy-s24-128gb,Galaxy S24 128GB,"<p>Compact Galaxy AI flagship with a brilliant 120Hz display.</p><table><tbody><tr><th>Display</th><td>6.2"" FHD+ AMOLED 120Hz</td></tr><tr><th>Chip</th><td>Exynos 2400</td></tr><tr><th>Storage</th><td>128GB</td></tr><tr><th>Camera</th><td>50MP + 12MP + 10MP</td></tr><tr><th>Battery</th><td>4000mAh</td></tr><tr><th>Extras</th><td>Galaxy AI</td></tr></tbody></table><h3>Pricing</h3><ul><li><strong>Retail price:</strong> &pound;799.00 inc. VAT</li><li><strong>Wholesale / trade price:</strong> &pound;709.00 (minimum order quantities apply)</li></ul><p><em>Dispatched in 1 working day. Choose 48-hour express or 3&ndash;5 working day delivery at checkout. Trade customers: <a href=""/pages/contact"">contact us</a> for tiered pricing and a live stock list.</em></p>",Samsung,Smartphone,"Samsung, Samsung, Smartphone",TRUE,Title,Default Title,SHK-S-006,shopify,25,deny,manual,799.00,899.00,TRUE,TRUE,https://placehold.co/800x800/f1f5f9/0f172a/png?text=Galaxy+S24+128GB,Galaxy S24 128GB,FALSE,Galaxy S24 128GB | Shak Distributors,Compact Galaxy AI flagship with a brilliant 120Hz display.,active
galaxy-a55-5g-128gb,Galaxy A55 5G 128GB,"<p>Best-selling mid-range 5G handset — a trade staple.</p><table><tbody><tr><th>Display</th><td>6.6"" FHD+ Super AMOLED 120Hz</td></tr><tr><th>Chip</th><td>Exynos 1480</td></tr><tr><th>Storage</th><td>128GB</td></tr><tr><th>Camera</th><td>50MP + 12MP + 5MP</td></tr><tr><th>Battery</th><td>5000mAh</td></tr><tr><th>Build</th><td>Glass + metal frame</td></tr></tbody></table><h3>Pricing</h3><ul><li><strong>Retail price:</strong> &pound;399.00 inc. VAT</li><li><strong>Wholesale / trade price:</strong> &pound;349.00 (minimum order quantities apply)</li></ul><p><em>Dispatched in 1 working day. Choose 48-hour express or 3&ndash;5 working day delivery at checkout. Trade customers: <a href=""/pages/contact"">contact us</a> for tiered pricing and a live stock list.</em></p>",Samsung,Smartphone,"Samsung, Samsung, Smartphone",TRUE,Title,Default Title,SHK-S-007,shopify,25,deny,manual,399.00,439.00,TRUE,TRUE,https://placehold.co/800x800/f1f5f9/0f172a/png?text=Galaxy+A55+5G+128GB,Galaxy A55 5G 128GB,FALSE,Galaxy A55 5G 128GB | Shak Distributors,Best-selling mid-range 5G handset — a trade staple.,active
galaxy-z-flip5-256gb,Galaxy Z Flip5 256GB,"<p>Foldable Galaxy with a large cover screen and pocketable design.</p><table><tbody><tr><th>Display</th><td>6.7"" foldable AMOLED 120Hz + 3.4"" cover</td></tr><tr><th>Chip</th><td>Snapdragon 8 Gen 2</td></tr><tr><th>Storage</th><td>256GB</td></tr><tr><th>Camera</th><td>12MP + 12MP</td></tr><tr><th>Battery</th><td>3700mAh</td></tr><tr><th>Form</th><td>Clamshell fold</td></tr></tbody></table><h3>Pricing</h3><ul><li><strong>Retail price:</strong> &pound;899.00 inc. VAT</li><li><strong>Wholesale / trade price:</strong> &pound;799.00 (minimum order quantities apply)</li></ul><p><em>Dispatched in 1 working day. Choose 48-hour express or 3&ndash;5 working day delivery at checkout. Trade customers: <a href=""/pages/contact"">contact us</a> for tiered pricing and a live stock list.</em></p>",Samsung,Smartphone,"Samsung, Samsung, Smartphone",TRUE,Title,Default Title,SHK-S-008,shopify,25,deny,manual,899.00,1049.00,TRUE,TRUE,https://placehold.co/800x800/f1f5f9/0f172a/png?text=Galaxy+Z+Flip5+256GB,Galaxy Z Flip5 256GB,FALSE,Galaxy Z Flip5 256GB | Shak Distributors,Foldable Galaxy with a large cover screen and pocketable design.,active
find-x7-ultra-256gb,Find X7 Ultra 256GB,"<p>Hasselblad quad-camera flagship with dual periscope zoom.</p><table><tbody><tr><th>Display</th><td>6.82"" QHD+ AMOLED 120Hz</td></tr><tr><th>Chip</th><td>Snapdragon 8 Gen 3</td></tr><tr><th>Storage</th><td>256GB</td></tr><tr><th>Camera</th><td>Quad 50MP Hasselblad</td></tr><tr><th>Battery</th><td>5000mAh 100W</td></tr><tr><th>Extras</th><td>Dual periscope tele</td></tr></tbody></table><h3>Pricing</h3><ul><li><strong>Retail price:</strong> &pound;899.00 inc. VAT</li><li><strong>Wholesale / trade price:</strong> &pound;799.00 (minimum order quantities apply)</li></ul><p><em>Dispatched in 1 working day. Choose 48-hour express or 3&ndash;5 working day delivery at checkout. Trade customers: <a href=""/pages/contact"">contact us</a> for tiered pricing and a live stock list.</em></p>",Oppo,Smartphone,"Oppo, Oppo, Smartphone",TRUE,Title,Default Title,SHK-O-009,shopify,25,deny,manual,899.00,999.00,TRUE,TRUE,https://placehold.co/800x800/f1f5f9/0f172a/png?text=Find+X7+Ultra+256GB,Find X7 Ultra 256GB,FALSE,Find X7 Ultra 256GB | Shak Distributors,Hasselblad quad-camera flagship with dual periscope zoom.,active
reno11-5g-256gb,Reno11 5G 256GB,"<p>Sleek portrait-photography phone with fast 67W charging.</p><table><tbody><tr><th>Display</th><td>6.7"" FHD+ AMOLED 120Hz</td></tr><tr><th>Chip</th><td>Dimensity 7050</td></tr><tr><th>Storage</th><td>256GB</td></tr><tr><th>Camera</th><td>50MP + 32MP tele + 8MP</td></tr><tr><th>Battery</th><td>4800mAh 67W</td></tr><tr><th>Build</th><td>Slim curved glass</td></tr></tbody></table><h3>Pricing</h3><ul><li><strong>Retail price:</strong> &pound;399.00 inc. VAT</li><li><strong>Wholesale / trade price:</strong> &pound;349.00 (minimum order quantities apply)</li></ul><p><em>Dispatched in 1 working day. Choose 48-hour express or 3&ndash;5 working day delivery at checkout. Trade customers: <a href=""/pages/contact"">contact us</a> for tiered pricing and a live stock list.</em></p>",Oppo,Smartphone,"Oppo, Oppo, Smartphone",TRUE,Title,Default Title,SHK-O-010,shopify,25,deny,manual,399.00,449.00,TRUE,TRUE,https://placehold.co/800x800/f1f5f9/0f172a/png?text=Reno11+5G+256GB,Reno11 5G 256GB,FALSE,Reno11 5G 256GB | Shak Distributors,Sleek portrait-photography phone with fast 67W charging.,active
oppo-a79-5g-128gb,Oppo A79 5G 128GB,"<p>Affordable 5G with a big battery — strong wholesale margins.</p><table><tbody><tr><th>Display</th><td>6.72"" FHD+ 90Hz</td></tr><tr><th>Chip</th><td>Dimensity 6020</td></tr><tr><th>Storage</th><td>128GB</td></tr><tr><th>Camera</th><td>50MP main</td></tr><tr><th>Battery</th><td>5000mAh 33W</td></tr><tr><th>Audio</th><td>Stereo speakers</td></tr></tbody></table><h3>Pricing</h3><ul><li><strong>Retail price:</strong> &pound;219.00 inc. VAT</li><li><strong>Wholesale / trade price:</strong> &pound;189.00 (minimum order quantities apply)</li></ul><p><em>Dispatched in 1 working day. Choose 48-hour express or 3&ndash;5 working day delivery at checkout. Trade customers: <a href=""/pages/contact"">contact us</a> for tiered pricing and a live stock list.</em></p>",Oppo,Smartphone,"Oppo, Oppo, Smartphone",TRUE,Title,Default Title,SHK-O-011,shopify,25,deny,manual,219.00,249.00,TRUE,TRUE,https://placehold.co/800x800/f1f5f9/0f172a/png?text=Oppo+A79+5G+128GB,Oppo A79 5G 128GB,FALSE,Oppo A79 5G 128GB | Shak Distributors,Affordable 5G with a big battery — strong wholesale margins.,active
find-n3-flip-256gb,Find N3 Flip 256GB,"<p>Triple-camera flip foldable with a versatile cover display.</p><table><tbody><tr><th>Display</th><td>6.8"" foldable AMOLED 120Hz</td></tr><tr><th>Chip</th><td>Dimensity 9200</td></tr><tr><th>Storage</th><td>256GB</td></tr><tr><th>Camera</th><td>50MP + 48MP + 32MP</td></tr><tr><th>Battery</th><td>4300mAh 44W</td></tr><tr><th>Form</th><td>Clamshell fold</td></tr></tbody></table><h3>Pricing</h3><ul><li><strong>Retail price:</strong> &pound;849.00 inc. VAT</li><li><strong>Wholesale / trade price:</strong> &pound;749.00 (minimum order quantities apply)</li></ul><p><em>Dispatched in 1 working day. Choose 48-hour express or 3&ndash;5 working day delivery at checkout. Trade customers: <a href=""/pages/contact"">contact us</a> for tiered pricing and a live stock list.</em></p>",Oppo,Smartphone,"Oppo, Oppo, Smartphone",TRUE,Title,Default Title,SHK-O-012,shopify,25,deny,manual,849.00,999.00,TRUE,TRUE,https://placehold.co/800x800/f1f5f9/0f172a/png?text=Find+N3+Flip+256GB,Find N3 Flip 256GB,FALSE,Find N3 Flip 256GB | Shak Distributors,Triple-camera flip foldable with a versatile cover display.,active
huawei-p60-pro-256gb,Huawei P60 Pro 256GB,"<p>Ultra-lighting XMAGE camera system with a striking design.</p><table><tbody><tr><th>Display</th><td>6.67"" LTPO OLED 120Hz</td></tr><tr><th>Chip</th><td>Snapdragon 8+ Gen 1 (4G)</td></tr><tr><th>Storage</th><td>256GB</td></tr><tr><th>Camera</th><td>48MP variable + 48MP tele + 13MP</td></tr><tr><th>Battery</th><td>4815mAh 88W</td></tr><tr><th>Note</th><td>No Google services</td></tr></tbody></table><h3>Pricing</h3><ul><li><strong>Retail price:</strong> &pound;899.00 inc. VAT</li><li><strong>Wholesale / trade price:</strong> &pound;799.00 (minimum order quantities apply)</li></ul><p><em>Dispatched in 1 working day. Choose 48-hour express or 3&ndash;5 working day delivery at checkout. Trade customers: <a href=""/pages/contact"">contact us</a> for tiered pricing and a live stock list.</em></p>",Huawei,Smartphone,"Huawei, Huawei, Smartphone",TRUE,Title,Default Title,SHK-H-013,shopify,25,deny,manual,899.00,1099.00,TRUE,TRUE,https://placehold.co/800x800/f1f5f9/0f172a/png?text=Huawei+P60+Pro+256GB,Huawei P60 Pro 256GB,FALSE,Huawei P60 Pro 256GB | Shak Distributors,Ultra-lighting XMAGE camera system with a striking design.,active
huawei-mate-50-pro-256gb,Huawei Mate 50 Pro 256GB,"<p>Flagship with variable aperture camera and premium glass build.</p><table><tbody><tr><th>Display</th><td>6.74"" OLED 120Hz</td></tr><tr><th>Chip</th><td>Snapdragon 8+ Gen 1 (4G)</td></tr><tr><th>Storage</th><td>256GB</td></tr><tr><th>Camera</th><td>50MP variable + 64MP tele + 13MP</td></tr><tr><th>Battery</th><td>4700mAh 66W</td></tr><tr><th>Note</th><td>No Google services</td></tr></tbody></table><h3>Pricing</h3><ul><li><strong>Retail price:</strong> &pound;799.00 inc. VAT</li><li><strong>Wholesale / trade price:</strong> &pound;709.00 (minimum order quantities apply)</li></ul><p><em>Dispatched in 1 working day. Choose 48-hour express or 3&ndash;5 working day delivery at checkout. Trade customers: <a href=""/pages/contact"">contact us</a> for tiered pricing and a live stock list.</em></p>",Huawei,Smartphone,"Huawei, Huawei, Smartphone",TRUE,Title,Default Title,SHK-H-014,shopify,25,deny,manual,799.00,949.00,TRUE,TRUE,https://placehold.co/800x800/f1f5f9/0f172a/png?text=Huawei+Mate+50+Pro+256GB,Huawei Mate 50 Pro 256GB,FALSE,Huawei Mate 50 Pro 256GB | Shak Distributors,Flagship with variable aperture camera and premium glass build.,active
huawei-nova-12-128gb,Huawei Nova 12 128GB,"<p>Stylish mid-ranger with fast charging and a sharp selfie camera.</p><table><tbody><tr><th>Display</th><td>6.7"" OLED 120Hz</td></tr><tr><th>Chip</th><td>Snapdragon 778G (4G)</td></tr><tr><th>Storage</th><td>128GB</td></tr><tr><th>Camera</th><td>50MP main + 60MP selfie</td></tr><tr><th>Battery</th><td>4600mAh 66W</td></tr><tr><th>Build</th><td>Slim glass</td></tr></tbody></table><h3>Pricing</h3><ul><li><strong>Retail price:</strong> &pound;379.00 inc. VAT</li><li><strong>Wholesale / trade price:</strong> &pound;329.00 (minimum order quantities apply)</li></ul><p><em>Dispatched in 1 working day. Choose 48-hour express or 3&ndash;5 working day delivery at checkout. Trade customers: <a href=""/pages/contact"">contact us</a> for tiered pricing and a live stock list.</em></p>",Huawei,Smartphone,"Huawei, Huawei, Smartphone",TRUE,Title,Default Title,SHK-H-015,shopify,25,deny,manual,379.00,429.00,TRUE,TRUE,https://placehold.co/800x800/f1f5f9/0f172a/png?text=Huawei+Nova+12+128GB,Huawei Nova 12 128GB,FALSE,Huawei Nova 12 128GB | Shak Distributors,Stylish mid-ranger with fast charging and a sharp selfie camera.,active
huawei-mate-x3-512gb,Huawei Mate X3 512GB,"<p>Ultra-thin book-style foldable flagship for premium customers.</p><table><tbody><tr><th>Display</th><td>7.85"" foldable OLED + 6.4"" cover</td></tr><tr><th>Chip</th><td>Snapdragon 8+ Gen 1 (4G)</td></tr><tr><th>Storage</th><td>512GB</td></tr><tr><th>Camera</th><td>50MP + 13MP + 12MP tele</td></tr><tr><th>Battery</th><td>4800mAh 66W</td></tr><tr><th>Form</th><td>Book fold</td></tr></tbody></table><h3>Pricing</h3><ul><li><strong>Retail price:</strong> &pound;1,799.00 inc. VAT</li><li><strong>Wholesale / trade price:</strong> &pound;1,599.00 (minimum order quantities apply)</li></ul><p><em>Dispatched in 1 working day. Choose 48-hour express or 3&ndash;5 working day delivery at checkout. Trade customers: <a href=""/pages/contact"">contact us</a> for tiered pricing and a live stock list.</em></p>",Huawei,Smartphone,"Huawei, Huawei, Smartphone",TRUE,Title,Default Title,SHK-H-016,shopify,25,deny,manual,1799.00,1999.00,TRUE,TRUE,https://placehold.co/800x800/f1f5f9/0f172a/png?text=Huawei+Mate+X3+512GB,Huawei Mate X3 512GB,FALSE,Huawei Mate X3 512GB | Shak Distributors,Ultra-thin book-style foldable flagship for premium customers.,active
ipad-pro-11-m4-256gb,"iPad Pro 11"" M4 256GB","<p>The thinnest Apple device ever with the blazing M4 chip and Ultra Retina XDR.</p><table><tbody><tr><th>Display</th><td>11"" Ultra Retina XDR OLED 120Hz</td></tr><tr><th>Chip</th><td>Apple M4</td></tr><tr><th>Storage</th><td>256GB</td></tr><tr><th>Connectivity</th><td>Wi-Fi 6E</td></tr><tr><th>Accessory</th><td>Apple Pencil Pro support</td></tr><tr><th>Build</th><td>Aluminium, USB-C</td></tr></tbody></table><h3>Pricing</h3><ul><li><strong>Retail price:</strong> &pound;999.00 inc. VAT</li><li><strong>Wholesale / trade price:</strong> &pound;889.00 (minimum order quantities apply)</li></ul><p><em>Dispatched in 1 working day. Choose 48-hour express or 3&ndash;5 working day delivery at checkout. Trade customers: <a href=""/pages/contact"">contact us</a> for tiered pricing and a live stock list.</em></p>",Apple,Tablet,"Tablets, Apple, Tablet",TRUE,Title,Default Title,SHK-T-017,shopify,25,deny,manual,999.00,1049.00,TRUE,TRUE,https://placehold.co/800x800/f1f5f9/0f172a/png?text=iPad+Pro+11%22+M4+256GB,"iPad Pro 11"" M4 256GB",FALSE,"iPad Pro 11"" M4 256GB | Shak Distributors",The thinnest Apple device ever with the blazing M4 chip and Ultra Retina XDR.,active
ipad-air-11-m2-128gb,"iPad Air 11"" M2 128GB","<p>Powerful, portable iPad Air with the M2 chip for work and play.</p><table><tbody><tr><th>Display</th><td>11"" Liquid Retina</td></tr><tr><th>Chip</th><td>Apple M2</td></tr><tr><th>Storage</th><td>128GB</td></tr><tr><th>Connectivity</th><td>Wi-Fi 6E</td></tr><tr><th>Accessory</th><td>Apple Pencil Pro support</td></tr><tr><th>Build</th><td>Aluminium, USB-C</td></tr></tbody></table><h3>Pricing</h3><ul><li><strong>Retail price:</strong> &pound;599.00 inc. VAT</li><li><strong>Wholesale / trade price:</strong> &pound;529.00 (minimum order quantities apply)</li></ul><p><em>Dispatched in 1 working day. Choose 48-hour express or 3&ndash;5 working day delivery at checkout. Trade customers: <a href=""/pages/contact"">contact us</a> for tiered pricing and a live stock list.</em></p>",Apple,Tablet,"Tablets, Apple, Tablet",TRUE,Title,Default Title,SHK-T-018,shopify,25,deny,manual,599.00,649.00,TRUE,TRUE,https://placehold.co/800x800/f1f5f9/0f172a/png?text=iPad+Air+11%22+M2+128GB,"iPad Air 11"" M2 128GB",FALSE,"iPad Air 11"" M2 128GB | Shak Distributors","Powerful, portable iPad Air with the M2 chip for work and play.",active
galaxy-tab-s9-128gb,Galaxy Tab S9 128GB,"<p>Premium AMOLED Android tablet with S Pen included and IP68 rating.</p><table><tbody><tr><th>Display</th><td>11"" Dynamic AMOLED 2X 120Hz</td></tr><tr><th>Chip</th><td>Snapdragon 8 Gen 2</td></tr><tr><th>Storage</th><td>128GB</td></tr><tr><th>Extras</th><td>S Pen included, IP68</td></tr><tr><th>Battery</th><td>8400mAh</td></tr><tr><th>Audio</th><td>AKG quad speakers</td></tr></tbody></table><h3>Pricing</h3><ul><li><strong>Retail price:</strong> &pound;649.00 inc. VAT</li><li><strong>Wholesale / trade price:</strong> &pound;575.00 (minimum order quantities apply)</li></ul><p><em>Dispatched in 1 working day. Choose 48-hour express or 3&ndash;5 working day delivery at checkout. Trade customers: <a href=""/pages/contact"">contact us</a> for tiered pricing and a live stock list.</em></p>",Samsung,Tablet,"Tablets, Samsung, Tablet",TRUE,Title,Default Title,SHK-T-019,shopify,25,deny,manual,649.00,749.00,TRUE,TRUE,https://placehold.co/800x800/f1f5f9/0f172a/png?text=Galaxy+Tab+S9+128GB,Galaxy Tab S9 128GB,FALSE,Galaxy Tab S9 128GB | Shak Distributors,Premium AMOLED Android tablet with S Pen included and IP68 rating.,active
huawei-matepad-115-128gb,"Huawei MatePad 11.5"" 128GB","<p>Great-value productivity tablet with a smooth 120Hz display.</p><table><tbody><tr><th>Display</th><td>11.5"" IPS 120Hz</td></tr><tr><th>Chip</th><td>Snapdragon 7 Gen 1</td></tr><tr><th>Storage</th><td>128GB</td></tr><tr><th>Battery</th><td>7700mAh</td></tr><tr><th>Audio</th><td>Quad speakers</td></tr><tr><th>Note</th><td>No Google services</td></tr></tbody></table><h3>Pricing</h3><ul><li><strong>Retail price:</strong> &pound;329.00 inc. VAT</li><li><strong>Wholesale / trade price:</strong> &pound;289.00 (minimum order quantities apply)</li></ul><p><em>Dispatched in 1 working day. Choose 48-hour express or 3&ndash;5 working day delivery at checkout. Trade customers: <a href=""/pages/contact"">contact us</a> for tiered pricing and a live stock list.</em></p>",Huawei,Tablet,"Tablets, Huawei, Tablet",TRUE,Title,Default Title,SHK-T-020,shopify,25,deny,manual,329.00,379.00,TRUE,TRUE,https://placehold.co/800x800/f1f5f9/0f172a/png?text=Huawei+MatePad+11.5%22+128GB,"Huawei MatePad 11.5"" 128GB",FALSE,"Huawei MatePad 11.5"" 128GB | Shak Distributors",Great-value productivity tablet with a smooth 120Hz display.,active
apple-watch-series-9-gps-45mm,Apple Watch Series 9 GPS 45mm,"<p>Brighter display, double-tap gesture and full health tracking.</p><table><tbody><tr><th>Case</th><td>45mm aluminium</td></tr><tr><th>Display</th><td>Always-On Retina up to 2000 nits</td></tr><tr><th>Chip</th><td>S9 SiP</td></tr><tr><th>Health</th><td>ECG, blood oxygen, temperature</td></tr><tr><th>Battery</th><td>Up to 18h</td></tr><tr><th>Water</th><td>50m</td></tr></tbody></table><h3>Pricing</h3><ul><li><strong>Retail price:</strong> &pound;429.00 inc. VAT</li><li><strong>Wholesale / trade price:</strong> &pound;379.00 (minimum order quantities apply)</li></ul><p><em>Dispatched in 1 working day. Choose 48-hour express or 3&ndash;5 working day delivery at checkout. Trade customers: <a href=""/pages/contact"">contact us</a> for tiered pricing and a live stock list.</em></p>",Apple,Smartwatch,"Watches, Apple, Smartwatch",TRUE,Title,Default Title,SHK-W-021,shopify,25,deny,manual,429.00,459.00,TRUE,TRUE,https://placehold.co/800x800/f1f5f9/0f172a/png?text=Apple+Watch+Series+9+GPS+45mm,Apple Watch Series 9 GPS 45mm,FALSE,Apple Watch Series 9 GPS 45mm | Shak Distributors,"Brighter display, double-tap gesture and full health tracking.",active
apple-watch-ultra-2-49mm,Apple Watch Ultra 2 49mm,"<p>Rugged titanium adventure watch with the brightest Apple display.</p><table><tbody><tr><th>Case</th><td>49mm titanium</td></tr><tr><th>Display</th><td>Always-On up to 3000 nits</td></tr><tr><th>Chip</th><td>S9 SiP</td></tr><tr><th>Health</th><td>ECG, depth gauge, dual-frequency GPS</td></tr><tr><th>Battery</th><td>Up to 36h</td></tr><tr><th>Water</th><td>100m, EN13319</td></tr></tbody></table><h3>Pricing</h3><ul><li><strong>Retail price:</strong> &pound;799.00 inc. VAT</li><li><strong>Wholesale / trade price:</strong> &pound;709.00 (minimum order quantities apply)</li></ul><p><em>Dispatched in 1 working day. Choose 48-hour express or 3&ndash;5 working day delivery at checkout. Trade customers: <a href=""/pages/contact"">contact us</a> for tiered pricing and a live stock list.</em></p>",Apple,Smartwatch,"Watches, Apple, Smartwatch",TRUE,Title,Default Title,SHK-W-022,shopify,25,deny,manual,799.00,849.00,TRUE,TRUE,https://placehold.co/800x800/f1f5f9/0f172a/png?text=Apple+Watch+Ultra+2+49mm,Apple Watch Ultra 2 49mm,FALSE,Apple Watch Ultra 2 49mm | Shak Distributors,Rugged titanium adventure watch with the brightest Apple display.,active
galaxy-watch6-44mm,Galaxy Watch6 44mm,"<p>Slim Wear OS smartwatch with advanced sleep and body tracking.</p><table><tbody><tr><th>Case</th><td>44mm aluminium</td></tr><tr><th>Display</th><td>1.5"" Super AMOLED</td></tr><tr><th>Chip</th><td>Exynos W930</td></tr><tr><th>Health</th><td>BIA, ECG, sleep coaching</td></tr><tr><th>Battery</th><td>425mAh</td></tr><tr><th>OS</th><td>Wear OS</td></tr></tbody></table><h3>Pricing</h3><ul><li><strong>Retail price:</strong> &pound;289.00 inc. VAT</li><li><strong>Wholesale / trade price:</strong> &pound;249.00 (minimum order quantities apply)</li></ul><p><em>Dispatched in 1 working day. Choose 48-hour express or 3&ndash;5 working day delivery at checkout. Trade customers: <a href=""/pages/contact"">contact us</a> for tiered pricing and a live stock list.</em></p>",Samsung,Smartwatch,"Watches, Samsung, Smartwatch",TRUE,Title,Default Title,SHK-W-023,shopify,25,deny,manual,289.00,319.00,TRUE,TRUE,https://placehold.co/800x800/f1f5f9/0f172a/png?text=Galaxy+Watch6+44mm,Galaxy Watch6 44mm,FALSE,Galaxy Watch6 44mm | Shak Distributors,Slim Wear OS smartwatch with advanced sleep and body tracking.,active
huawei-watch-gt4-46mm,Huawei Watch GT4 46mm,"<p>Up to 14 days battery with elegant design and rich fitness tracking.</p><table><tbody><tr><th>Case</th><td>46mm stainless steel</td></tr><tr><th>Display</th><td>1.43"" AMOLED</td></tr><tr><th>Health</th><td>TruSeen 5.5+, SpO2, sleep</td></tr><tr><th>Battery</th><td>Up to 14 days</td></tr><tr><th>GPS</th><td>Dual-band</td></tr><tr><th>Water</th><td>5ATM</td></tr></tbody></table><h3>Pricing</h3><ul><li><strong>Retail price:</strong> &pound;229.00 inc. VAT</li><li><strong>Wholesale / trade price:</strong> &pound;199.00 (minimum order quantities apply)</li></ul><p><em>Dispatched in 1 working day. Choose 48-hour express or 3&ndash;5 working day delivery at checkout. Trade customers: <a href=""/pages/contact"">contact us</a> for tiered pricing and a live stock list.</em></p>",Huawei,Smartwatch,"Watches, Huawei, Smartwatch",TRUE,Title,Default Title,SHK-W-024,shopify,25,deny,manual,229.00,259.00,TRUE,TRUE,https://placehold.co/800x800/f1f5f9/0f172a/png?text=Huawei+Watch+GT4+46mm,Huawei Watch GT4 46mm,FALSE,Huawei Watch GT4 46mm | Shak Distributors,Up to 14 days battery with elegant design and rich fitness tracking.,active
macbook-air-13-m3-256gb,"MacBook Air 13"" M3 256GB","<p>Strikingly thin, fanless laptop with all-day battery and the M3 chip.</p><table><tbody><tr><th>Display</th><td>13.6"" Liquid Retina</td></tr><tr><th>Chip</th><td>Apple M3 8-core</td></tr><tr><th>Memory</th><td>8GB unified</td></tr><tr><th>Storage</th><td>256GB SSD</td></tr><tr><th>Battery</th><td>Up to 18h</td></tr><tr><th>Ports</th><td>2x TB, MagSafe, headphone</td></tr></tbody></table><h3>Pricing</h3><ul><li><strong>Retail price:</strong> &pound;1,099.00 inc. VAT</li><li><strong>Wholesale / trade price:</strong> &pound;975.00 (minimum order quantities apply)</li></ul><p><em>Dispatched in 1 working day. Choose 48-hour express or 3&ndash;5 working day delivery at checkout. Trade customers: <a href=""/pages/contact"">contact us</a> for tiered pricing and a live stock list.</em></p>",Apple,Laptop,"MacBooks, Apple, Laptop",TRUE,Title,Default Title,SHK-M-025,shopify,25,deny,manual,1099.00,1149.00,TRUE,TRUE,https://placehold.co/800x800/f1f5f9/0f172a/png?text=MacBook+Air+13%22+M3+256GB,"MacBook Air 13"" M3 256GB",FALSE,"MacBook Air 13"" M3 256GB | Shak Distributors","Strikingly thin, fanless laptop with all-day battery and the M3 chip.",active
macbook-air-15-m2-256gb,"MacBook Air 15"" M2 256GB","<p>Big-screen Air with spacious Liquid Retina display and silent design.</p><table><tbody><tr><th>Display</th><td>15.3"" Liquid Retina</td></tr><tr><th>Chip</th><td>Apple M2 8-core</td></tr><tr><th>Memory</th><td>8GB unified</td></tr><tr><th>Storage</th><td>256GB SSD</td></tr><tr><th>Battery</th><td>Up to 18h</td></tr><tr><th>Audio</th><td>6-speaker system</td></tr></tbody></table><h3>Pricing</h3><ul><li><strong>Retail price:</strong> &pound;1,199.00 inc. VAT</li><li><strong>Wholesale / trade price:</strong> &pound;1,059.00 (minimum order quantities apply)</li></ul><p><em>Dispatched in 1 working day. Choose 48-hour express or 3&ndash;5 working day delivery at checkout. Trade customers: <a href=""/pages/contact"">contact us</a> for tiered pricing and a live stock list.</em></p>",Apple,Laptop,"MacBooks, Apple, Laptop",TRUE,Title,Default Title,SHK-M-026,shopify,25,deny,manual,1199.00,1299.00,TRUE,TRUE,https://placehold.co/800x800/f1f5f9/0f172a/png?text=MacBook+Air+15%22+M2+256GB,"MacBook Air 15"" M2 256GB",FALSE,"MacBook Air 15"" M2 256GB | Shak Distributors",Big-screen Air with spacious Liquid Retina display and silent design.,active
macbook-pro-14-m3-512gb,"MacBook Pro 14"" M3 512GB","<p>Pro performance with a stunning Liquid Retina XDR display.</p><table><tbody><tr><th>Display</th><td>14.2"" Liquid Retina XDR 120Hz</td></tr><tr><th>Chip</th><td>Apple M3</td></tr><tr><th>Memory</th><td>8GB unified</td></tr><tr><th>Storage</th><td>512GB SSD</td></tr><tr><th>Battery</th><td>Up to 22h</td></tr><tr><th>Ports</th><td>3x TB4, HDMI, SDXC</td></tr></tbody></table><h3>Pricing</h3><ul><li><strong>Retail price:</strong> &pound;1,699.00 inc. VAT</li><li><strong>Wholesale / trade price:</strong> &pound;1,519.00 (minimum order quantities apply)</li></ul><p><em>Dispatched in 1 working day. Choose 48-hour express or 3&ndash;5 working day delivery at checkout. Trade customers: <a href=""/pages/contact"">contact us</a> for tiered pricing and a live stock list.</em></p>",Apple,Laptop,"MacBooks, Apple, Laptop",TRUE,Title,Default Title,SHK-M-027,shopify,25,deny,manual,1699.00,1799.00,TRUE,TRUE,https://placehold.co/800x800/f1f5f9/0f172a/png?text=MacBook+Pro+14%22+M3+512GB,"MacBook Pro 14"" M3 512GB",FALSE,"MacBook Pro 14"" M3 512GB | Shak Distributors",Pro performance with a stunning Liquid Retina XDR display.,active
macbook-pro-16-m3-max-1tb,"MacBook Pro 16"" M3 Max 1TB","<p>The ultimate MacBook Pro for studios and power users.</p><table><tbody><tr><th>Display</th><td>16.2"" Liquid Retina XDR 120Hz</td></tr><tr><th>Chip</th><td>Apple M3 Max</td></tr><tr><th>Memory</th><td>36GB unified</td></tr><tr><th>Storage</th><td>1TB SSD</td></tr><tr><th>Battery</th><td>Up to 22h</td></tr><tr><th>Ports</th><td>3x TB4, HDMI, SDXC</td></tr></tbody></table><h3>Pricing</h3><ul><li><strong>Retail price:</strong> &pound;3,499.00 inc. VAT</li><li><strong>Wholesale / trade price:</strong> &pound;3,149.00 (minimum order quantities apply)</li></ul><p><em>Dispatched in 1 working day. Choose 48-hour express or 3&ndash;5 working day delivery at checkout. Trade customers: <a href=""/pages/contact"">contact us</a> for tiered pricing and a live stock list.</em></p>",Apple,Laptop,"MacBooks, Apple, Laptop",TRUE,Title,Default Title,SHK-M-028,shopify,25,deny,manual,3499.00,3699.00,TRUE,TRUE,https://placehold.co/800x800/f1f5f9/0f172a/png?text=MacBook+Pro+16%22+M3+Max+1TB,"MacBook Pro 16"" M3 Max 1TB",FALSE,"MacBook Pro 16"" M3 Max 1TB | Shak Distributors",The ultimate MacBook Pro for studios and power users.,active
dell-xps-13-i7-16gb-512gb,"Dell XPS 13 (i7, 16GB, 512GB)","<p>Premium ultraportable with an edge-to-edge InfinityEdge display.</p><table><tbody><tr><th>Display</th><td>13.4"" FHD+ InfinityEdge</td></tr><tr><th>CPU</th><td>Intel Core i7</td></tr><tr><th>Memory</th><td>16GB</td></tr><tr><th>Storage</th><td>512GB SSD</td></tr><tr><th>Graphics</th><td>Intel Iris Xe</td></tr><tr><th>OS</th><td>Windows 11</td></tr></tbody></table><h3>Pricing</h3><ul><li><strong>Retail price:</strong> &pound;1,299.00 inc. VAT</li><li><strong>Wholesale / trade price:</strong> &pound;1,149.00 (minimum order quantities apply)</li></ul><p><em>Dispatched in 1 working day. Choose 48-hour express or 3&ndash;5 working day delivery at checkout. Trade customers: <a href=""/pages/contact"">contact us</a> for tiered pricing and a live stock list.</em></p>",Dell,Laptop,"Laptops, Dell, Laptop",TRUE,Title,Default Title,SHK-L-029,shopify,25,deny,manual,1299.00,1399.00,TRUE,TRUE,https://placehold.co/800x800/f1f5f9/0f172a/png?text=Dell+XPS+13+%28i7%2C+16GB%2C+512GB%29,"Dell XPS 13 (i7, 16GB, 512GB)",FALSE,"Dell XPS 13 (i7, 16GB, 512GB) | Shak Distributors",Premium ultraportable with an edge-to-edge InfinityEdge display.,active
hp-spectre-x360-14-i7-16gb-1tb,"HP Spectre x360 14 (i7, 16GB, 1TB)","<p>Convertible 2-in-1 with OLED touch display and premium build.</p><table><tbody><tr><th>Display</th><td>14"" 2.8K OLED touch</td></tr><tr><th>CPU</th><td>Intel Core i7</td></tr><tr><th>Memory</th><td>16GB</td></tr><tr><th>Storage</th><td>1TB SSD</td></tr><tr><th>Form</th><td>2-in-1 convertible</td></tr><tr><th>OS</th><td>Windows 11</td></tr></tbody></table><h3>Pricing</h3><ul><li><strong>Retail price:</strong> &pound;1,399.00 inc. VAT</li><li><strong>Wholesale / trade price:</strong> &pound;1,249.00 (minimum order quantities apply)</li></ul><p><em>Dispatched in 1 working day. Choose 48-hour express or 3&ndash;5 working day delivery at checkout. Trade customers: <a href=""/pages/contact"">contact us</a> for tiered pricing and a live stock list.</em></p>",HP,Laptop,"Laptops, HP, Laptop",TRUE,Title,Default Title,SHK-L-030,shopify,25,deny,manual,1399.00,1499.00,TRUE,TRUE,https://placehold.co/800x800/f1f5f9/0f172a/png?text=HP+Spectre+x360+14+%28i7%2C+16GB%2C+1TB%29,"HP Spectre x360 14 (i7, 16GB, 1TB)",FALSE,"HP Spectre x360 14 (i7, 16GB, 1TB) | Shak Distributors",Convertible 2-in-1 with OLED touch display and premium build.,active
lenovo-thinkpad-x1-carbon-g11,Lenovo ThinkPad X1 Carbon G11,"<p>Lightweight business flagship, MIL-SPEC tested and trade-favourite.</p><table><tbody><tr><th>Display</th><td>14"" WUXGA IPS</td></tr><tr><th>CPU</th><td>Intel Core i7</td></tr><tr><th>Memory</th><td>16GB</td></tr><tr><th>Storage</th><td>512GB SSD</td></tr><tr><th>Weight</th><td>1.12kg</td></tr><tr><th>OS</th><td>Windows 11 Pro</td></tr></tbody></table><h3>Pricing</h3><ul><li><strong>Retail price:</strong> &pound;1,499.00 inc. VAT</li><li><strong>Wholesale / trade price:</strong> &pound;1,329.00 (minimum order quantities apply)</li></ul><p><em>Dispatched in 1 working day. Choose 48-hour express or 3&ndash;5 working day delivery at checkout. Trade customers: <a href=""/pages/contact"">contact us</a> for tiered pricing and a live stock list.</em></p>",Lenovo,Laptop,"Laptops, Lenovo, Laptop",TRUE,Title,Default Title,SHK-L-031,shopify,25,deny,manual,1499.00,1649.00,TRUE,TRUE,https://placehold.co/800x800/f1f5f9/0f172a/png?text=Lenovo+ThinkPad+X1+Carbon+G11,Lenovo ThinkPad X1 Carbon G11,FALSE,Lenovo ThinkPad X1 Carbon G11 | Shak Distributors,"Lightweight business flagship, MIL-SPEC tested and trade-favourite.",active
asus-zenbook-14-oled-i5-16gb-512gb,"ASUS Zenbook 14 OLED (i5, 16GB, 512GB)","<p>Affordable OLED ultrabook with great battery and slim profile.</p><table><tbody><tr><th>Display</th><td>14"" 2.8K OLED 90Hz</td></tr><tr><th>CPU</th><td>Intel Core i5</td></tr><tr><th>Memory</th><td>16GB</td></tr><tr><th>Storage</th><td>512GB SSD</td></tr><tr><th>Weight</th><td>1.28kg</td></tr><tr><th>OS</th><td>Windows 11</td></tr></tbody></table><h3>Pricing</h3><ul><li><strong>Retail price:</strong> &pound;849.00 inc. VAT</li><li><strong>Wholesale / trade price:</strong> &pound;749.00 (minimum order quantities apply)</li></ul><p><em>Dispatched in 1 working day. Choose 48-hour express or 3&ndash;5 working day delivery at checkout. Trade customers: <a href=""/pages/contact"">contact us</a> for tiered pricing and a live stock list.</em></p>",ASUS,Laptop,"Laptops, ASUS, Laptop",TRUE,Title,Default Title,SHK-L-032,shopify,25,deny,manual,849.00,949.00,TRUE,TRUE,https://placehold.co/800x800/f1f5f9/0f172a/png?text=ASUS+Zenbook+14+OLED+%28i5%2C+16GB%2C+512GB%29,"ASUS Zenbook 14 OLED (i5, 16GB, 512GB)",FALSE,"ASUS Zenbook 14 OLED (i5, 16GB, 512GB) | Shak Distributors",Affordable OLED ultrabook with great battery and slim profile.,active
airpods-pro-2nd-gen-usb-c,AirPods Pro (2nd gen) USB-C,"<p>Active Noise Cancellation, Adaptive Audio and USB-C charging case.</p><table><tbody><tr><th>Type</th><td>In-ear ANC earbuds</td></tr><tr><th>Chip</th><td>Apple H2</td></tr><tr><th>Case</th><td>USB-C MagSafe</td></tr><tr><th>Battery</th><td>Up to 6h (30h w/ case)</td></tr><tr><th>Water</th><td>IP54</td></tr><tr><th>Extras</th><td>Adaptive Audio</td></tr></tbody></table><h3>Pricing</h3><ul><li><strong>Retail price:</strong> &pound;229.00 inc. VAT</li><li><strong>Wholesale / trade price:</strong> &pound;199.00 (minimum order quantities apply)</li></ul><p><em>Dispatched in 1 working day. Choose 48-hour express or 3&ndash;5 working day delivery at checkout. Trade customers: <a href=""/pages/contact"">contact us</a> for tiered pricing and a live stock list.</em></p>",Apple,Audio,"Accessories, Apple, Audio",TRUE,Title,Default Title,SHK-A-033,shopify,25,deny,manual,229.00,249.00,TRUE,TRUE,https://placehold.co/800x800/f1f5f9/0f172a/png?text=AirPods+Pro+%282nd+gen%29+USB-C,AirPods Pro (2nd gen) USB-C,FALSE,AirPods Pro (2nd gen) USB-C | Shak Distributors,"Active Noise Cancellation, Adaptive Audio and USB-C charging case.",active
samsung-25w-usb-c-fast-charger,Samsung 25W USB-C Fast Charger,"<p>Genuine Samsung Super Fast Charging adapter — high-volume seller.</p><table><tbody><tr><th>Output</th><td>25W USB-C PD PPS</td></tr><tr><th>Type</th><td>Mains adapter</td></tr><tr><th>Compatibility</th><td>Galaxy & USB-C PD devices</td></tr><tr><th>Safety</th><td>Over-current protection</td></tr></tbody></table><h3>Pricing</h3><ul><li><strong>Retail price:</strong> &pound;19.99 inc. VAT</li><li><strong>Wholesale / trade price:</strong> &pound;12.50 (minimum order quantities apply)</li></ul><p><em>Dispatched in 1 working day. Choose 48-hour express or 3&ndash;5 working day delivery at checkout. Trade customers: <a href=""/pages/contact"">contact us</a> for tiered pricing and a live stock list.</em></p>",Samsung,Charger,"Accessories, Samsung, Charger",TRUE,Title,Default Title,SHK-A-034,shopify,25,deny,manual,19.99,24.99,TRUE,TRUE,https://placehold.co/800x800/f1f5f9/0f172a/png?text=Samsung+25W+USB-C+Fast+Charger,Samsung 25W USB-C Fast Charger,FALSE,Samsung 25W USB-C Fast Charger | Shak Distributors,Genuine Samsung Super Fast Charging adapter — high-volume seller.,active
anker-20000mah-power-bank-225w,"Anker 20,000mAh Power Bank 22.5W","<p>High-capacity power bank that charges phones and tablets fast.</p><table><tbody><tr><th>Capacity</th><td>20,000mAh</td></tr><tr><th>Output</th><td>22.5W USB-C + USB-A</td></tr><tr><th>Recharge</th><td>USB-C in</td></tr><tr><th>Display</th><td>LED battery indicator</td></tr><tr><th>Safety</th><td>MultiProtect</td></tr></tbody></table><h3>Pricing</h3><ul><li><strong>Retail price:</strong> &pound;39.99 inc. VAT</li><li><strong>Wholesale / trade price:</strong> &pound;27.50 (minimum order quantities apply)</li></ul><p><em>Dispatched in 1 working day. Choose 48-hour express or 3&ndash;5 working day delivery at checkout. Trade customers: <a href=""/pages/contact"">contact us</a> for tiered pricing and a live stock list.</em></p>",Anker,Power Bank,"Accessories, Anker, Power Bank",TRUE,Title,Default Title,SHK-A-035,shopify,25,deny,manual,39.99,49.99,TRUE,TRUE,https://placehold.co/800x800/f1f5f9/0f172a/png?text=Anker+20%2C000mAh+Power+Bank+22.5W,"Anker 20,000mAh Power Bank 22.5W",FALSE,"Anker 20,000mAh Power Bank 22.5W | Shak Distributors",High-capacity power bank that charges phones and tablets fast.,active
braided-usb-c-to-usb-c-cable-2m,Braided USB-C to USB-C Cable 2m,"<p>Durable 100W braided charging cable — perfect add-on / bulk buy.</p><table><tbody><tr><th>Length</th><td>2m</td></tr><tr><th>Rating</th><td>100W / 5A</td></tr><tr><th>Data</th><td>480Mbps USB 2.0</td></tr><tr><th>Build</th><td>Nylon braided</td></tr><tr><th>Connector</th><td>USB-C to USB-C</td></tr></tbody></table><h3>Pricing</h3><ul><li><strong>Retail price:</strong> &pound;9.99 inc. VAT</li><li><strong>Wholesale / trade price:</strong> &pound;4.50 (minimum order quantities apply)</li></ul><p><em>Dispatched in 1 working day. Choose 48-hour express or 3&ndash;5 working day delivery at checkout. Trade customers: <a href=""/pages/contact"">contact us</a> for tiered pricing and a live stock list.</em></p>",Shak Distributors,Cable,"Accessories, Shak Distributors, Cable",TRUE,Title,Default Title,SHK-A-036,shopify,25,deny,manual,9.99,14.99,TRUE,TRUE,https://placehold.co/800x800/f1f5f9/0f172a/png?text=Braided+USB-C+to+USB-C+Cable+2m,Braided USB-C to USB-C Cable 2m,FALSE,Braided USB-C to USB-C Cable 2m | Shak Distributors,Durable 100W braided charging cable — perfect add-on / bulk buy.,active
